{"output": "Total score (25 / 25)", "tests": [{"output": "  Question 1 (4/4) ", "score": 4, "max_score": 4, "name": "q1", "tags": []}, {"output": "  Question 2 (1/1) ", "score": 1, "max_score": 1, "name": "q2", "tags": []}, {"output": "  Question 3 (1/1) ", "score": 1, "max_score": 1, "name": "q3", "tags": []}, {"output": "  Question 4 (2/2) ", "score": 2, "max_score": 2, "name": "q4", "tags": []}, {"output": "  Question 5 (1/1) ", "score": 1, "max_score": 1, "name": "q5", "tags": []}, {"output": "  Question q6a (2/2) ", "score": 2, "max_score": 2, "name": "q6a", "tags": []}, {"output": "  Question q6b (1/1) ", "score": 1, "max_score": 1, "name": "q6b", "tags": []}, {"output": "  Question q6c (1/1) ", "score": 1, "max_score": 1, "name": "q6c", "tags": []}, {"output": "  Question 7 (1/1) ", "score": 1, "max_score": 1, "name": "q7", "tags": []}, {"output": "  Question 8 (2/2) ", "score": 2, "max_score": 2, "name": "q8", "tags": []}, {"output": "  Question 9 (5/5) ", "score": 5, "max_score": 5, "name": "q9", "tags": []}, {"output": "  Question q10 (4/4) ", "score": 4, "max_score": 4, "name": "q10", "tags": []}], "score": 25, "max_score": 25}